,NickName,Sex,Province,City,Signature
0,智能加密量子肥肥,1,湖北,武汉,I love coding! 4ever!😈😈😈
1,A.空中健身｜旁旁,1,湖北,武汉,脸上笑嘻嘻，心里mmp……
2,道格先生,1,,,推广嘻哈文化，连接所有rapper及爱好者。
3,未来快来么么哒👄,2,河北,,瘦瘦瘦！
4,向铎,1,湖北,孝感,踏实做事
5,Shaine,2,四川,成都,2016+28=2044
6,一刹烟火,1,湖北,襄阳,
7,不习惯的习惯,1,Dalarnas,,情到深处人孤独。
8,一条人,1,湖北,武汉,吾心吾行澄如明镜， 所作所为皆为正义
9,旧栖新垅,2,湖北,武汉,活在一个充满仙女的世界里
10,*贝壳女孩*,2,湖北,武汉,咩~✺◟(∗❛ัᴗ❛ั∗)◞✺
11,STA_眼神放空,1,,,可以说一天话，也可以一天不说话
12,一只柚子°🍊,2,山东,潍坊,其实，一切都挺好的。别复杂
13,YoGin,1,Hyogo,,懂得遗忘人才能在这世上生存
14,DAY ONE女装1店💗文倩,2,你的心里💕,,DAYONE女装私人工作室
15,歪地,2,湖北,武汉,如果还有明天，今天就是起跑线
16,懒人,1,湖北,武汉,
17,隧道,2,青海,西宁,Lonely God
18,老猫,1,湖北,武汉,
19,啊怪,2,广东,广州,多少怪兽 不曾吃我 终成好友
20,哈喽,1,湖南,邵阳,
21,namedsong,2,Michigan,Ann Arbor City,
22,辰,1,湖北,武汉,中国高级私人格斗健身教练！擅长减脂增肌，塑型，格斗，武术4段
23,pilgrim,1,湖北,武汉,有事QQ联系，微信上的少
24,根,1,湖北,恩施,各位朋友本人号码变更，目前18002113097
25,。。。,0,,,
26,nG家的味,2,浙江,杭州,nG家的味，92771585，等你一起骑骑！
27,Uneed 轻食－客服,1,湖北,武汉,客服号在线时间9:00～21:00
28,唯伊纹彩光谷2店,0,,,
29,严古洲,1,California,Los Angeles City,
30,A_左先森*,1,,,
31,。,2,湖北,武汉,学跳舞 年会排舞 私教可以找我噢
32,Aisie 奢侈品+潮牌折扣代购,2,,,三年微商 坚持正品
33,A.蓝猫,1,,,www.bygc945.xin
34,向上吧关酥,2,,,因为你的出现，我已经看过大海了，现在我不能当做没看过。
35,fire蜗牛,1,浙江,宁波,正在参加四个月的训练营，回复慢请见谅！
36,高兴,1,,,芊墨…
37,杨君,1,湖北,武汉,安心、宽心、开心！
38,活成一只硬件狗,0,,,
39,Tune,1,,,
40,洋芋喆,2,湖北,武汉,我是肥猫
41,星稀,1,湖北,武汉,尽己所能，不负韶华
42,Sissi,2,湖北,武汉,"But to act, that each tomorrow, find us farther than today. "
43,早睡早起,1,安徽,亳州,
44,CQ姐,2,,,
45,今年是徐明源,2,,,她什么也不想留下
46,王世虎,1,东海,龙宫,没有
47,三毛,0,Cork,,
48,PolyGram,1,湖北,武汉,
49,l sci,1,湖北,武汉,
50,Curious,1,湖北,武汉,
51,阿森,1,湖北,武汉,人们所说的理想只是贪婪计划的一部分
52,光谷·酵麦工坊客服小麦,2,湖北,武汉,蛋糕现订现做现取，面包现做现烤现卖；咨询热线：87387858
53,陈柏林,1,Berlin,,I’m emotionally unavailable.
54,₆⁶₆廢梁⁶⁶⁶,1,,,god hates us all
55,LIHANG,1,湖北,武汉,勤奋决定你成就的下限…
56,卢哥带你飞,1,湖北,武汉,
57,卖supreme的小青蛙,1,Illinois,Chicago City,淘宝 卖supreme的小青蛙 只卖自己的货 芝加哥时差13小时
58,弄潮儿向涛头立,2,江苏,无锡,王侯将相宁有种乎
59,yusupu,1,湖北,武汉,
60,LT,2,,,
61,PopPup,1,湖北,武汉,
62,Totoro,2,Dublin,,上帝作证，我是一个好姑娘~
63,向日葵,2,湖北,武汉,做一个明媚的女子，不倾国，不倾城，只倾其所有过自己要的生活。
64,凉介,1,湖南,长沙,今夜还吹着风
65,迷走sola,2,山东,东营,没有故事没有酒。
66,杨杨,2,湖北,武汉,"Y&amp;Y纹艺美容工作室<span class=""emoji emoji260e""></span>18971685338  "
67,carrie,2,湖北,武汉,赫～
68,BIGBABY MODE  在線接單,0,,,
69,王半夏💛,1,New York,New York City,"🥀<span class=""emoji emoji1f535""></span>半知半解别说懂"
70,弯弯🛒RichGirl趣味商店,2,广东,广州,屏蔽不加 没人要看你 🏷想说的都在封面
71,甜心蝴蝶控2号店,0,,,宝宝们私信询价哦！评论有时候看不过来呢🤣🤣
72,菲,2,,,开心，幸福过好每一天
73,广东2019高考状元,1,广东,广州,WE DO WHAT WE WANT
74,N7,1,Michigan,Flint,
75,夏秋,2,,,近而不浮，远而不尽
76,雪,2,,,有目标要努力  加油加油  该大的一定要大  该小的一定要小
77,Yimin Wang,2,湖北,武汉,
78,$hie1d,1,江苏,南京,印象刺青  经理                              tel：18362903558
79,谭剑波,1,Abu Dhabi,,真正的伟大是变得伟大后忘了自己的伟大
80,阿涛还在,1,湖北,武汉,ok
81,S👀👓💉美瞳专用号,2,Ontario,Toronto,单删不加，屏蔽不加，绝不议价，进店查看朋友圈封面，脾气暴躁。
82,Udacity-Peter,0,,,
83,DE,1,湖北,武汉,
84,？,1,湖北,武汉,Fake it til' become it.
85,Crane,1,湖南,长沙,艾克西斯
86,刘挺,1,湖北,武汉,
87,互联镖局大当家,2,,,早九晚六
88,堂琉逄淡,1,陕西,渭南,你还年轻，加班的机会多的是～～
89,唐超,1,湖北,武汉,
90,一个需要努力的人,1,湖北,武汉,初听不知曲中意，再听已是曲中人。
91,Nirvana,2,辽宁,大连,谁的人生不是斩棘前行
92,roking,1,湖北,武汉,
93,xxx_beibei,2,湖北,武汉,nothing in the world compare to you
94,Yeoz,1,山东,济宁,2018，不忘初心，砥砺前行。
95,Dr.,1,湖北,武汉,
96,天道酬勤,1,湖北,武汉,不忘初心，终得始终。
97,Eeeeeeeloïse☀,1,,,三观要正
98,聪二哥,1,England,Manchester,Sup Palace正品代購 工作時間: 8:00am-23:00pm 
99,八呎琼K ⁷⁷⁷,1,上海,普陀,身上的每一寸赘肉，都是同生活妥协的标志
100,诸葛子房,1,湖北,黄冈,陌上人如玉，公子世无双
101,北冥有鱼,1,湖北,武汉,不忌胡言乱语，唯恐天下不乱
102,Volcano🌋,2,湖北,武汉,19951011
103,黎,2,江苏,常州,"一生都在半途而废，

一生都怀抱热望。"
104,M1ng丶,1,湖北,武汉,"
進
道
若
退


夷
道
若
類










"
105,文浩同学,1,Bremen,,在网络世界里 选择一个自己舒服的位置就好
106,Robin,2,Mayo,,Holle is sunny
107,Maggie梦清,2,湖北,武汉,当我跨过一切沉沦，向着永恒开战，你是我的军旗。
108,KILEER@,1,Washington,Spokane City,只售正品！fake绕道、保证正品！口嗨一边儿去、互删诉一声！
109,翟小胖,2,辽宁,盘锦,坐看云卷云舒╭(╯ε╰)╮
110,张鸟儿,1,,,你觉得恨却离不开
111,gggg（接套现）。,1,山西,太原,
112,胡怡,2,湖北,武汉,
113,叫我Mr_陈,1,北京,海淀,用犯二的心态去度过不二的青春。
114,EdisonFan,1,辽宁,大连,"<span class=""emoji emoji1f525""></span>淘宝：唯变不变潮流店铺 "
115,Rui,2,湖北,武汉,
116,我是你的小葳葳啊😝,2,辽宁,盘锦,这世上所有千夫所指的困难，都是为了淘汰掉懦夫。
117,心靈擱淺,1,山东,东营,听话 就算遇不到别人 也别再喜欢TA了
118,槑™,1,湖北,武汉,
119,peerless,2,,,君子终日乾乾，夕惕若厉，无咎。
120,任力,1,湖北,武汉,没有硝烟的世界，生存是唯一的战斗！
121,萝西Rothy,2,North Shore,,只要心在跳动 就有血的潮汐
122,ꈍᴗꈍ,2,,,"Let's go home, puddin'!"
123,-3,1,,,
124,lagiter、,2,甘肃,,
125,私人订制--毕大湿「发型~发色」,1,湖北,武汉,#虽是毫末绝技.却是顶上功夫#
126,Darmin,1,湖北,鄂州,
127,蔺小龙,1,湖北,武汉,对梦想的专注，对事业的执着，才是年轻人最大的理财！
128,李建军,1,湖北,黄冈,命运多舛，痴迷淡然
129,杨逸凡,1,湖北,武汉,
130,susu,2,,,人生没有做不到的，只有想不到的…
131,power辉哥,1,湖北,武汉,
132,黄智伟,1,,,
133,梅建刚,0,,,
134,青稞酒,1,湖北,武汉, 明天会更好
135,刘彬瑶 🔻,0,,,DP开胃品牌合伙人 最高供货商 半微屏蔽pyq不加 
136,焦海菁,0,,,
137,伊琳💓Tatiana,0,,,妃莉娅创始人 Mousse Rose创始人 The Natural King创始人
138,李峰,0,,,
139,人畜无害小白兔,2,湖北,武汉,如果真的愛一個人，寧願傷害自己，也不舍得傷害對方
140,嘉圣,1,湖北,潜江,没什么
141,🇺🇸 小妹,2,湖北,武汉,不以物喜，不以己悲
142,霏霏石,2,湖北,武汉,相信不屈不挠的努力，相信战胜死亡的年轻
143,🦊🍭,1,Massachusetts,Boston City,努力工作，努力学习，忠于自己，忠于家庭。
144,Jc☻,1,香港,,₆⁶₆
145,马海兵,1,湖北,荆州,
146,ʚ 神奇少女苏小兔 ɞ ,2,Virginia,Charlottesville,Vivienne TM品牌創始人🔻 白富美養成記
147,1,1,湖北,武汉,
148,ManssFen满舒芬👙 客服8,2,上海,杨浦,"不收红包<span class=""emoji emoji1f645""></span>🏻不听语音<span class=""emoji emoji260e""></span>屏蔽朋友圈一律删<span class=""emoji emoji274c""></span>"
149,白。,1,贵州,贵阳,再多努力一点
150,up,1,Venice,,一个不小心的当下，便会造就一个不复从前的未来
151,Astaroth,1,,,汪
152,劍銘無塵,1,黑龙江,大庆,上古神劍，威力無匹，指天天崩，劃地地裂
153,Nick,1,,,不要辜负本该奋斗的青春！
154,雨晴°,2,湖北,武汉,让我们数着星星一起老去！
155,玉德君,1,湖北,武汉,君子比德于玉
156,小情调,2,,,等苹果熟
157,柳叶,2,湖北,武汉,王微
158,名字,1,,,
159,CD&amp;P,1,湖北,武汉,我还是很喜欢你，像烤冷面遇上大盘鸡，不远万里
160,鞋扣扣Nina官方微信S66,2,,,"卖自己喜欢的东西，遇眼光相似的人<span class=""emoji emoji2764""></span>️"
161,初学者,1,湖北,武汉,我一直都在，只差你一个回头
162,Over,2,湖北,武汉,没心没肺，活着不累
163,娟子,2,浙江,杭州,我们都是突然长大的:)
164,麦冬,2,,,
165,永不退缩,0,,,
166,厚臻⁶⁶⁶,0,,,
167,Tmanewbee,1,,,em☹tional
168,有尴尬症的大小伙,1,湖北,武汉,
169,无名,2,浙江,绍兴,糖
170,Ireversible,1,四川,成都,愿无岁月可回首 且以深情共余生！...
171,留低,1,台湾,台南市,师夷之长技以制夷 打消你质疑
172,宇西,2,北京,朝阳,Beat yesterday. 🖖🏿
173,Yq,2,湖北,武汉,"every thing is nothing,but self building<span class=""emoji emoji2728""></span>"
174,meow,0,,,
175,王子亚令木,1,湖北,荆州,爱韦德！
176,吉吉,2,湖北,武汉,友谊大道大拐子
177,🌲,2,河北,邯郸,"<span class=""emoji emoji2600""></span>️<span class=""emoji emoji2600""></span>️"
178,柚子,2,湖北,武汉,追光者
179,Sinner,1,辽宁,大连,"又共谁，

自然散去，

茶凉掉淡似清水。



"
180,贺卷毛,2,北京,昌平,零点起跑
181,梁××,1,福建,福州,born this way
182,小鱼锅贴💗全球购～,2,江苏,苏州,4年良心代购，品质保证！请支付宝转账哦
183,黄可乐🐳,2,湖北,武汉,
184,澤西島島主,1,,,"　
　
　
　
 
 
 
 
 
 
 
 
 
 
 
 
 
 

 
 
 
 
 
 
 
🌠"
185,张子睿,1,湖北,武汉,守序中立
186,淡紫轻尘,2,湖北,武汉,原来这一场千里的跋涉，只不过是来做最后一次甚至无法相见的告别
187,容   宝   宝ā,2,湖北,武汉,"朵色省代    800元拿代理     加入我们做一个精致的猪猪女孩<span class=""emoji emoji1f33a""></span>"
188,小王子,2,湖北,武汉,Life is about being yourself.
189,张解成,1,湖北,荆州,
190,记住我,1,湖北,武汉,你若坚持，什么也拦不住你
191,Candy,2,湖北,仙桃,你若盛开，清风自来。心若浮沉，浅笑安然。
192,小猪饼干,1,Kyoto,,多到溢出的不饱和感
193,肖日代【店铺直接下单】9月飞,2,,,"<span class=""emoji emoji26a0""></span>️微信已满 是个有血有肉的代购号 屏蔽会被删掉 误删加回<span class=""emoji emoji2764""></span>️"
194,春龙,0,,,"X-M<span class=""emoji emoji2764""></span>️"
195,B、I&amp;U,1,Amsterdam,,一蓑烟雨任平生！
196,Doubleheartsenshi🥀,1,,,"<span class=""emoji emoji2728""></span>ins:Doubleheartsenshi<span class=""emoji emoji2728""></span>Running out of time"
197,olicc,1,,,潮流卖家. 经营多款品牌. 只售正品. 支持一切方式鉴定.
198,苦瓜,1,,,xxxxxxxxxxxxxxxxxxxxx
199,A  MUSE² CLUB李芳13477042258,2,湖北,武汉,                          将来的你一定会感谢现在拼命的自己。
200,鲸吞,1,,,我就是乃西楚霸王，咋地了？
201,噢 乖,1,江苏,苏州,一次次的冲动
202,B3Rich,1,Pennsylvania,Philadephia,"富裕年轻又危险<span class=""emoji emoji1f48e""></span>"
203,yy,1,四川,成都,
204,Sheep,1,湖南,长沙,Don't kill my vibe
205,罗闪闪,2,湖北,武汉,"林彦俊尤长靖<span class=""emoji emoji1f512""></span>死死"
206,BWLB,1,北京,朝阳,把你的注意力集中在每一件小事上，但不要让它们扰乱了你的心¿？
207,柯锐Crea,1,湖北,武汉,三千里
208,HUNA,2,广东,深圳,眼睛里要有自己.
209,还是未来的大瘦子,1,Tokyo,,直到烽火再燃于富士之上
210,ଘ神奇少女苏小兔ଓ⁾⁾,2,California,Los Angeles City,E'la mostra ora incisa sull'anello🦄
211,方德- Fahad,1,Dubayy,,BAZINGA!
212,米饭®,1,,,
213,YOKAI,1,,,。
214,邓怡同學,2,湖北,武汉,以下言语不代表本人立场
215,废青,1,湖北,武汉,纹身&amp;摄影 预约以定金为准
216,阿健,1,天津,滨海新区,严谨，学习
217,化學凝結尾🍶 (Chemtrail),1,Dublin,,Ave Santani
218,撄宁,1,湖北,武汉,知是行之始 行是知之成
219,叶雨晖,2,浙江,杭州,2019.6
220,韩大猩,2,湖北,黄石,"耳不闻人之非
目不视人之短
口不言人之过
逐渐成为工作微信号"
221,Morella S. Paut🌟,2,Victoria,Melbourne,
222,№ 20170606,1,湖北,武汉,顺其自然，无愧于心
223,sake,1,,,welcome to my grave yard.
224,老九,1,湖北,武汉,
225,AE八六,2,湖北,武汉,越过层层阻碍与钢筋水泥包裹的灵魂交织
226,不系之舟,1,Kagoshima-ken,Kagoshima-shi,咲き乱れて、ぽとりと落ちる椿よ　
227,观云,1,Keelung City,,圈子不同别硬融
228,Shaw,1,湖北,武汉,"<span class=""emoji emoji270c""></span>︎"
229,惠学日语班主任あき小秋老师,0,,,课程安排需要，添加时请备注真实姓名+手机号码+具体淘宝书店名
230,赵天骄,1,江苏,无锡,"freelance consept artist,animator"
231,圆桌,1,,,无所畏惧～坚持
232,小张,1,湖北,武汉,Silence
233,木雪可,2,北京,海淀,
234,康少,1,湖北,武汉,"No dream,no further. 没有梦想，何必远方。"
235,ʚlsyɞ,2,湖北,武汉,寻了半生的春天。你一笑，便是了。
236,XD,2,湖北,黄冈,
237,不变的一人份か,1,湖北,孝感,
238,Zhong Jing Y,2,湖北,武汉,固执有趣的零星 固执无聊的有趣
239,🐷⛄☔,2,湖北,武汉,just keep going
240,肖小琦🌸,2,湖北,武汉,健康的身体才是最有价值的限量版~
241,Grl,1,北京,朝阳,
242,小虎牙,2,,,及时止损
243,The Ferryman 9.12🛫韩国,1,Incheon,Incheon,
244,小妞子 坐等砸单ING,2,,,"听你所想 代你所爱<span class=""emoji emoji1f493""></span>一枚随心所欲人肉海淘小代购<span class=""emoji emoji1f481""></span>🏻"
245,🍄🍄🍄,2,新疆,克拉玛依,
246,L,1,江苏,南京,"<span class=""emoji emoji2728""></span>"
247,5zero,1,,,你要乘风破浪 就要在风口浪尖
248,A  发源地    古励,1,湖北,襄阳,发源地美丽热线9号老师：17607181182，（华罗利广场发源地
249,Kai,2,浙江,宁波,merci
250,💯阿许,2,,,那些很冒险的梦
251,J I N,1,江苏,南京,私人WX号～
252,不是小麻雀了,2,,,喜欢的东西你得配得上
253,一倩,0,你眼中的宇宙,✨,"ɴᴀɪᴍᴀ  <span class=""emoji emoji2665""></span>︎  一如既往 万事胜意"
254,张,1,,,凡事太尽缘分势必早尽
255,Jericho,1,Auckland,,Supreme专业卖家 实体店策划中 接寄卖 套现 微博：Jericho666
256,白,1,浙江,温州,我啊，不是云中鹤
257,吴壮实,2,湖北,武汉,努力呀鱼鱼！！要变的更好！！
258,亲你一口🐇,2,湖北,武汉,hi 我走啦 祝安好
259,。,2,,,此后萧郎是路人
260,Bonnie 〰,2,河北,石家庄,除了自由 一无所求。
261,Beauty,2,上海,徐汇,In me the tiger sniffs the rose.
262,凡凡凡凡凡凡凡凡凡凡凡凡凡凡,1,湖北,武汉,
263,一生懸命,1,Yau Tsim Mong,,My transgressions all i got left
264,pimi&amp;rudo,2,,,still beautiful though
265,戀 ☆*.,2,湖北,武汉,"夜空中最亮的星, 請照亮我前行. "
266,肚子又长大了,1,湖北,武汉,
267,睡眠小偷,1,,,真滴没有朋友圈呀
268,王铁蛋儿🐯,2,河北,沧州,"into the magic shop<span class=""emoji emoji2764""></span>️"
269,enigmatic FEELING,1,湖北,武汉,有点小帅 、拽而有礼
270,電腦,0,,,
271,Koo$edi,1,广东,潮州,
272,咸鱼🌬,2,浙江,杭州,Des bisous！
273,A夏天,1,湖北,武汉,多读书，多看报，多吃水果，睡好觉…
274,蓝蓝 💕,2,天津,滨海新区,"








-𓃝-lose track"
275,LOTTA RAIN,2,Stockholms,,杨卓凡非官方女友
276,🌟,2,,,    No frowns!
277,🦖,2,,,长大本身就是一件勇敢的事
278,意思意思,1,北京,顺义,猫和你都想了解
279,曾skrder,1,,,"<span class=""emoji emoji1f435""></span>🙈🙉🙊<span class=""emoji emoji1f412""></span>"
280,張孝祥,1,湖北,武汉,仰望星空 脚踏实地
281,TikiVillian,2,New Taipei City,,我在這個世界拼命些什麼 累死我
282,ozaki,1,湖北,武汉,
283,彳亍男,1,Texas,Houston,保持谦卑
284,雨萱,2,江西,南昌,没能杀死我的都能使我更强大
285,Lxxxxxx,1,山东,烟台,           skr skr skr
286,XIERUI,2,浙江,温州,"not that kind of gal
not your kind of gal
酒后表演艺术家"
287,Idyllic,1,四川,成都,小舟从此逝，江海寄余生
288,罗际凡,0,,,"<span class=""emoji emoji1f639""></span>，事在人为"
289,妖精,2,,,2008.5.25至2017.12.18
290,guccidaddy,0,,,靓女进群私聊
291,可愛くなりたい°ω°,2,Florida,North Port,别看了，过得一点都不好
292,Once,2,湖北,武汉,沉默 专注。
293,Froliclit,1,四川,凉山,立业
294,何_纾曼,2,湖北,武汉,       【 I only live once 】
295,HUU,1,重庆,江北,                                             404 error
296,AloneJSkang,1,北京,昌平,你不要失望，荡气回肠是为了最美的平凡
297,Diz777,2,,,"有衣服买 还有狗粮吃 
不赚你钱那是不可能的
TB：Dizzy Store"
298,Albert.Williams,1,湖北,,
299,Sllacer on,2,,,
300,闪哥,2,湖北,武汉,
301,sunyi,1,吉林,吉林,少年剑未佩妥 出门便是江湖
302,鲁倩文w_,2,湖北,,"一枚靠谱的小代购，九月<span class=""emoji emoji1f1ef1f1f5""></span>日本。十月<span class=""emoji emoji1f1f01f1f7""></span>韩国"
303,汪思敏,2,上海,,
304,A  发源地   小智🕴,1,湖北,武汉,"单枪匹马你别怕,一腔孤勇又如何.这一路你可以哭,但是不能怂 <span class=""emoji emoji1f308""></span>"
305,慈善家文博（自闭中）,1,广东,湛江,淘宝：32222097  黑加仑不黑  主卖sup和palace 英国代购
306,4   AM,1,,,
307,OU。,2,,,
308,Lillan,2,,,到底一刻也算是缘分
309,70条腿的鸵鸟,1,此号已满,请加709832504,Supreme 伪粉一个 有事请直说 不开朋友圈勿加
310,Ray,1,,,
311,鲁迅aka周树人,2,,,Don’t touch me I’m a real live wire
312,ɪᴍɴᴏᴛᴏᴛᴏᴍɪc,2,Illinois,Chicago,为什么
313,S u n s h i n e🍄,2,河北,,"时间还长 请你善良<span class=""emoji emoji1f33c""></span>"
314,invincibleFF,1,新疆,乌鲁木齐,顺其自然。。。
315,sonrisa_,2,Victoria,Melbourne,Nako酱加油!!!
316,离歌笑,1,湖北,武汉,人因梦想而伟大
317,祁笑寒,1,,,纵有万般非吾属，伴得白马啸西风
318,zang a dong,1,,,                               孤独即是自由
319,皮卡丘你敢不敢再萌一点,2,New York,New York City,A lifetime with adventures and possibilities.
320,eowyn,1,广东,广州,
321,ᴘᴇᴀᴄʜ ᴊᴀᴍ,2,💜,,赚钱和恋爱一样伤透我的心 ​​​
322,Stk,1,湖南,长沙,"会努力 让
这个世界的一切艰难和苦涩
从此再也没有办法伤害到你"
323,回归平静,1,湖北,武汉,
324,吱吱💧,1,湖北,武汉,"Look at the bright side<span class=""emoji emoji2747""></span>"
325,🇦 🇻 🇮 🇨 🇮 🇮,1,,,Rich Chigga（Brian Imanuel）.C'est La Vie.榫卯结构！
326,人间失格,1,山东,东营,Sad
327,.ılı. FOX .ılı.,1,辽宁,沈阳,不能徇私枉法
328,Devin,1,,,
329,梅樱🍒,2,Paris,,你是她来过这个世界的证明
330,Nana,2,,,
331,A 不知道的吃瓜（互删说下谢谢）,1,Tokyo,,脾气挺好 有时间及时处理 帮忙求货发货！只售正品 不支持毒鉴定
332,傻聪。,2,❤,,自由自在 迷人可爱。
333,李妮,1,,,
334,猴子,2,湖北,武汉,唯一QQ空间，其他均为假冒。
335,Harper🇨🇳,1,,,
336,吹吹风,2,湖北,咸宁,是不慌不忙 是心之所向
337,小希,2,山东,东营,
338,1x,2,,,NADA.
339,GloomyKiller,2,他们都说喜欢我 却没见谁爱过我,,"2018_Start
Mind your own business."
340,†Doby®,1,,,爻P
341,sekai🌸,2,,,可可耐耐魔法少女
342,小黑琳,2,北京,朝阳,健康   开心
343,吃汤圆不,2,Valencia,,不接急单，不接口头预订，长期招代理，代购周期两周。
344,11hash_16🇨🇳,1,Samut Prakan,,做喜欢的事情才更重要
345,Carl,1,江苏,南京,
346,yezi,2,湖北,武汉,莫求他渡，唯有自救。
